Fly_Drone1,,,,,,,,,,,,,,,
Time      ,.C.CM_Position.X,.C.CM_Position.Y,.C.CM_Position.Z,.R1.CM_Position.X,.R1.CM_Position.Y,.R1.CM_Position.Z,.R2.CM_Position.X,.R2.CM_Position.Y,.R2.CM_Position.Z,.R3.CM_Position.X,.R3.CM_Position.Y,.R3.CM_Position.Z,.R4.CM_Position.X,.R4.CM_Position.Y,.R4.CM_Position.Z
0.000000e+000,-1.080941e+001,-6.700333e+001,5.013929e+001,-1.014507e+002,-4.880705e+000,1.066031e+002,1.005454e+002,-4.902830e+000,1.067256e+002,-1.016157e+002,1.851388e+002,1.068280e+002,1.015403e+002,1.857294e+002,1.068825e+002
5.000000e-002,-1.080943e+001,-6.700322e+001,4.854866e+001,-1.014507e+002,-4.880756e+000,1.066256e+002,1.005454e+002,-4.902880e+000,1.067481e+002,-1.016157e+002,1.851388e+002,1.068511e+002,1.015403e+002,1.857294e+002,1.069055e+002
1.000000e-001,-1.080921e+001,-6.700421e+001,4.723673e+001,-1.014502e+002,-4.882831e+000,1.067795e+002,1.005459e+002,-4.904958e+000,1.069011e+002,-1.016152e+002,1.851367e+002,1.070082e+002,1.015408e+002,1.857273e+002,1.070618e+002
1.500000e-001,-1.080844e+001,-6.700589e+001,4.638232e+001,-1.014483e+002,-4.886773e+000,1.071841e+002,1.005478e+002,-4.908904e+000,1.073021e+002,-1.016133e+002,1.851328e+002,1.074199e+002,1.015427e+002,1.857234e+002,1.074699e+002
2.000000e-001,-1.080657e+001,-6.700761e+001,4.610689e+001,-1.014438e+002,-4.890535e+000,1.079465e+002,1.005523e+002,-4.912669e+000,1.080559e+002,-1.016087e+002,1.851290e+002,1.081890e+002,1.015472e+002,1.857196e+002,1.082304e+002
2.500000e-001,-1.080321e+001,-6.700705e+001,4.646575e+001,-1.014357e+002,-4.888377e+000,1.091609e+002,1.005604e+002,-4.910508e+000,1.092550e+002,-1.016006e+002,1.851312e+002,1.093996e+002,1.015554e+002,1.857218e+002,1.094255e+002
3.000000e-001,-1.079820e+001,-6.700091e+001,4.751303e+001,-1.014237e+002,-4.872244e+000,1.109092e+002,1.005724e+002,-4.894362e+000,1.109805e+002,-1.015886e+002,1.851473e+002,1.111191e+002,1.015674e+002,1.857379e+002,1.111220e+002
3.500000e-001,-1.079182e+001,-6.698611e+001,4.929753e+001,-1.014085e+002,-4.834824e+000,1.132605e+002,1.005876e+002,-4.856930e+000,1.133031e+002,-1.015734e+002,1.851848e+002,1.134037e+002,1.015826e+002,1.857754e+002,1.133776e+002
4.000000e-001,-1.078484e+001,-6.696136e+001,5.185791e+001,-1.013923e+002,-4.773704e+000,1.162714e+002,1.006039e+002,-4.795816e+000,1.162832e+002,-1.015571e+002,1.852460e+002,1.163058e+002,1.015989e+002,1.858365e+002,1.162484e+002
4.500000e-001,-1.077854e+001,-6.692873e+001,5.521835e+001,-1.013781e+002,-4.695121e+000,1.199864e+002,1.006180e+002,-4.717271e+000,1.199715e+002,-1.015429e+002,1.853245e+002,1.198809e+002,1.016130e+002,1.859150e+002,1.197961e+002
5.000000e-001,-1.077464e+001,-6.689453e+001,5.939038e+001,-1.013704e+002,-4.615638e+000,1.244381e+002,1.006257e+002,-4.637836e+000,1.244087e+002,-1.015352e+002,1.854039e+002,1.241911e+002,1.016208e+002,1.859942e+002,1.240912e+002
5.500000e-001,-1.077510e+001,-6.686870e+001,6.437434e+001,-1.013740e+002,-4.560468e+000,1.296489e+002,1.006222e+002,-4.582661e+000,1.296262e+002,-1.015387e+002,1.854589e+002,1.293036e+002,1.016172e+002,1.860492e+002,1.292102e+002
6.000000e-001,-1.078189e+001,-6.686290e+001,7.016101e+001,-1.013935e+002,-4.558172e+000,1.356318e+002,1.006027e+002,-4.580254e+000,1.356460e+002,-1.015583e+002,1.854612e+002,1.352823e+002,1.015977e+002,1.860516e+002,1.352259e+002
6.500000e-001,-1.079673e+001,-6.688746e+001,7.673635e+001,-1.014328e+002,-4.632724e+000,1.423918e+002,1.005633e+002,-4.654642e+000,1.424804e+002,-1.015977e+002,1.853868e+002,1.421748e+002,1.015583e+002,1.859775e+002,1.421938e+002
7.000000e-001,-1.082072e+001,-6.694793e+001,8.408726e+001,-1.014941e+002,-4.795031e+000,1.499276e+002,1.005019e+002,-4.816990e+000,1.501324e+002,-1.016591e+002,1.852246e+002,1.499997e+002,1.014968e+002,1.858153e+002,1.501365e+002
7.500000e-001,-1.085410e+001,-6.704253e+001,9.220573e+001,-1.015774e+002,-5.036583e+000,1.582330e+002,1.004185e+002,-5.059238e+000,1.585956e+002,-1.017425e+002,1.849824e+002,1.587359e+002,1.014132e+002,1.855726e+002,1.590327e+002
8.000000e-001,-1.089596e+001,-6.716026e+001,1.010920e+002,-1.016796e+002,-5.327589e+000,1.672977e+002,1.003158e+002,-5.352052e+000,1.678542e+002,-1.018450e+002,1.846893e+002,1.683206e+002,1.013104e+002,1.852779e+002,1.688141e+002
8.500000e-001,-1.094419e+001,-6.728332e+001,1.107514e+002,-1.017949e+002,-5.620847e+000,1.771087e+002,1.001998e+002,-5.648374e+000,1.778842e+002,-1.019606e+002,1.843925e+002,1.786567e+002,1.011942e+002,1.849782e+002,1.793722e+002
9.000000e-001,-1.099543e+001,-6.738981e+001,1.211900e+002,-1.019145e+002,-5.860913e+000,1.876502e+002,1.000792e+002,-5.892300e+000,1.886530e+002,-1.020804e+002,1.841485e+002,1.896293e+002,1.010734e+002,1.847304e+002,1.905748e+002
9.500000e-001,-1.104525e+001,-6.745860e+001,1.324071e+002,-1.020271e+002,-5.996431e+000,1.989031e+002,9.996540e+001,-6.031366e+000,2.001203e+002,-1.021932e+002,1.840102e+002,2.011268e+002,1.009595e+002,1.845886e+002,2.022886e+002
1.000000e+000,-1.108841e+001,-6.747398e+001,1.443871e+002,-1.021199e+002,-5.992365e+000,2.108434e+002,9.987142e+001,-6.029120e+000,2.122375e+002,-1.022863e+002,1.840144e+002,2.130613e+002,1.008653e+002,1.845909e+002,2.144011e+002
1.050000e+000,-1.111927e+001,-6.742920e+001,1.570940e+002,-1.021797e+002,-5.838683e+000,2.234408e+002,9.981087e+001,-5.874452e+000,2.249488e+002,-1.023461e+002,1.841711e+002,2.253838e+002,1.008047e+002,1.847485e+002,2.268373e+002
1.100000e+000,-1.113234e+001,-6.732807e+001,1.704690e+002,-1.021937e+002,-5.552920e+000,2.366574e+002,9.979664e+001,-5.584790e+000,2.381923e+002,-1.023602e+002,1.844614e+002,2.380877e+002,1.007904e+002,1.850426e+002,2.395665e+002
1.150000e+000,-1.112279e+001,-6.718404e+001,1.844333e+002,-1.021515e+002,-5.175731e+000,2.504478e+002,9.983944e+001,-5.201907e+000,2.519023e+002,-1.023179e+002,1.848425e+002,2.512009e+002,1.008333e+002,1.854292e+002,2.525967e+002
1.200000e+000,-1.108705e+001,-6.701695e+001,1.988956e+002,-1.020459e+002,-4.760529e+000,2.647590e+002,9.994640e+001,-4.781233e+000,2.660122e+002,-1.022120e+002,1.852592e+002,2.647676e+002,1.009404e+002,1.858511e+002,2.659587e+002
1.250000e+000,-1.102328e+001,-6.684817e+001,2.137608e+002,-1.018741e+002,-4.360070e+000,2.795309e+002,1.001199e+002,-4.377653e+000,2.804573e+002,-1.020400e+002,1.856583e+002,2.788237e+002,1.011142e+002,1.862531e+002,2.796837e+002
1.300000e+000,-1.093183e+001,-6.669535e+001,2.289390e+002,-1.016389e+002,-4.013885e+000,2.946966e+002,1.003567e+002,-4.032104e+000,2.951763e+002,-1.018042e+002,1.860012e+002,2.933739e+002,1.013513e+002,1.865951e+002,2.937825e+002
1.350000e+000,-1.081545e+001,-6.656847e+001,2.443514e+002,-1.013486e+002,-3.740387e+000,3.101828e+002,1.006475e+002,-3.763267e+000,3.101121e+002,-1.015133e+002,1.862707e+002,3.083776e+002,1.016426e+002,1.868598e+002,3.082313e+002
1.400000e+000,-1.067938e+001,-6.646871e+001,2.599309e+002,-1.010174e+002,-3.536323e+000,3.259091e+002,1.009776e+002,-3.567200e+000,3.252124e+002,-1.011814e+002,1.864711e+002,3.237483e+002,1.019732e+002,1.870520e+002,3.229711e+002
1.450000e+000,-1.053115e+001,-6.639072e+001,2.756183e+002,-1.006647e+002,-3.384108e+000,3.417898e+002,1.013269e+002,-3.425209e+000,3.404285e+002,-1.008280e+002,1.866201e+002,3.393676e+002,1.023229e+002,1.871906e+002,3.379212e+002
1.500000e+000,-1.038025e+001,-6.632758e+001,2.913545e+002,-1.003144e+002,-3.265121e+000,3.577342e+002,1.016717e+002,-3.317540e+000,3.557148e+002,-1.004769e+002,1.867365e+002,3.551107e+002,1.026682e+002,1.872955e+002,3.530018e+002
1.550000e+000,-1.023746e+001,-6.627700e+001,3.070717e+002,-9.999285e+001,-3.174775e+000,3.736488e+002,1.019863e+002,-3.238311e+000,3.710273e+002,-1.001547e+002,1.868247e+002,3.708747e+002,1.029832e+002,1.873724e+002,3.681598e+002
1.600000e+000,-1.011417e+001,-6.624633e+001,3.226866e+002,-9.972743e+001,-3.133989e+000,3.894391e+002,1.022447e+002,-3.206421e+000,3.863218e+002,-9.988873e+001,1.868645e+002,3.866007e+002,1.032420e+002,1.874033e+002,3.833868e+002
1.650000e+000,-1.002139e+001,-6.625447e+001,3.380992e+002,-9.954385e+001,-3.191980e+000,4.050121e+002,1.024227e+002,-3.267999e+000,4.015524e+002,-9.970476e+001,1.868081e+002,4.022804e+002,1.034202e+002,1.873433e+002,3.987225e+002
1.700000e+000,-9.968961e+000,-6.632898e+001,3.531980e+002,-9.946399e+001,-3.417451e+000,4.202783e+002,1.024999e+002,-3.488251e+000,4.166697e+002,-9.962473e+001,1.865879e+002,4.179434e+002,1.034976e+002,1.871286e+002,4.142371e+002
1.750000e+000,-9.964522e+000,-6.649835e+001,3.678717e+002,-9.950370e+001,-3.878664e+000,4.351534e+002,1.024615e+002,-3.933454e+000,4.316185e+002,-9.966452e+001,1.861349e+002,4.336256e+002,1.034591e+002,1.866920e+002,4.299959e+002
1.800000e+000,-1.001281e+001,-6.678122e+001,3.820249e+002,-9.967090e+001,-4.616847e+000,4.495606e+002,1.022995e+002,-4.646827e+000,4.463370e+002,-9.983208e+001,1.854027e+002,4.493252e+002,1.032969e+002,1.859852e+002,4.460129e+002
1.850000e+000,-1.011505e+001,-6.717540e+001,3.955948e+002,-9.996443e+001,-5.620399e+000,4.634320e+002,1.020140e+002,-5.624197e+000,4.607566e+002,-1.001262e+002,1.843931e+002,4.649609e+002,1.030110e+002,1.850026e+002,4.622056e+002
1.900000e+000,-1.026860e+001,-6.765140e+001,4.085635e+002,-1.003735e+002,-6.808479e+000,4.767137e+002,1.016136e+002,-6.796392e+000,4.748047e+002,-1.005362e+002,1.831765e+002,4.803455e+002,1.026101e+002,1.838026e+002,4.783678e+002
1.950000e+000,-1.046693e+001,-6.815306e+001,4.209628e+002,-1.008783e+002,-8.030914e+000,4.893703e+002,1.011156e+002,-8.024802e+000,4.884106e+002,-1.010420e+002,1.818997e+002,4.951866e+002,1.021114e+002,1.825205e+002,4.941708e+002
2.000000e+000,-1.069990e+001,-6.860555e+001,4.328679e+002,-1.014507e+002,-9.087280e+000,5.013888e+002,1.005454e+002,-9.114228e+000,5.015104e+002,-1.016157e+002,1.807751e+002,5.091186e+002,1.015403e+002,1.813631e+002,5.091964e+002
2.050000e+000,-1.095438e+001,-6.892827e+001,4.443775e+002,-1.020569e+002,-9.762425e+000,5.127764e+002,9.993520e+001,-9.843264e+000,5.140484e+002,-1.022231e+002,1.800448e+002,5.217588e+002,1.009292e+002,1.805789e+002,5.229976e+002
2.100000e+000,-1.121509e+001,-6.904826e+001,4.555850e+002,-1.026592e+002,-9.870753e+000,5.235501e+002,9.932235e+001,-1.000774e+001,5.259713e+002,-1.028267e+002,1.799248e+002,5.327757e+002,1.003154e+002,1.804025e+002,5.351712e+002
2.150000e+000,-1.146565e+001,-6.891202e+001,4.665444e+002,-1.032191e+002,-9.299118e+000,5.337219e+002,9.874676e+001,-9.468806e+000,5.372180e+002,-1.033877e+002,1.805421e+002,5.419561e+002,9.973893e+001,1.809866e+002,5.454294e+002
2.200000e+000,-1.168973e+001,-6.849550e+001,4.772421e+002,-1.036995e+002,-8.038780e+000,5.432869e+002,9.824811e+001,-8.194892e+000,5.477115e+002,-1.038692e+002,1.818870e+002,5.492594e+002,9.923947e+001,1.823447e+002,5.536593e+002
2.250000e+000,-1.187216e+001,-6.781325e+001,4.875826e+002,-1.040679e+002,-6.199440e+000,5.522216e+002,9.786277e+001,-6.286740e+000,5.573620e+002,-1.042384e+002,1.838020e+002,5.548514e+002,9.885350e+001,1.843279e+002,5.599603e+002
2.300000e+000,-1.199999e+001,-6.692591e+001,4.973958e+002,-1.042980e+002,-4.001554e+000,5.604946e+002,9.762082e+001,-3.976366e+000,5.660827e+002,-1.044690e+002,1.860131e+002,5.591063e+002,9.861114e+001,1.866506e+002,5.646525e+002
2.350000e+000,-1.206338e+001,-6.594285e+001,5.064633e+002,-1.043715e+002,-1.746658e+000,5.680847e+002,9.754339e+001,-1.595769e+000,5.738136e+002,-1.045426e+002,1.881929e+002,5.625686e+002,9.853358e+001,1.889552e+002,5.682433e+002
2.400000e+000,-1.205634e+001,-6.501313e+001,5.145576e+002,-1.042791e+002,2.301745e-001,5.749923e+002,9.764072e+001,4.809979e-001,5.805381e+002,-1.044501e+002,1.900308e+002,5.658706e+002,9.863107e+001,1.908918e+002,5.713494e+002
2.450000e+000,-1.197717e+001,-6.429897e+001,5.214836e+002,-1.040219e+002,1.617148e+000,5.812388e+002,9.791110e+001,1.909943e+000,5.862820e+002,-1.041922e+002,1.912810e+002,5.696151e+002,9.890190e+001,1.921828e+002,5.745806e+002
2.500000e+000,-1.182875e+001,-6.393644e+001,5.271120e+002,-1.036105e+002,2.180767e+000,5.868494e+002,9.834086e+001,2.445763e+000,5.910964e+002,-1.037800e+002,1.917823e+002,5.742510e+002,9.933236e+001,1.926557e+002,5.784124e+002
2.550000e+000,-1.161847e+001,-6.399841e+001,5.313982e+002,-1.030654e+002,1.808878e+000,5.918346e+002,9.890534e+001,1.990571e+000,5.950340e+002,-1.032337e+002,1.914580e+002,5.799732e+002,9.989776e+001,1.922480e+002,5.830834e+002
2.600000e+000,-1.135784e+001,-6.447487e+001,5.343893e+002,-1.024158e+002,5.343056e-001,5.961796e+002,9.957085e+001,6.124824e-001,5.981374e+002,-1.025828e+002,1.903163e+002,5.866774e+002,1.005643e+002,1.910034e+002,5.885463e+002
2.650000e+000,-1.106177e+001,-6.527767e+001,5.362221e+002,-1.016981e+002,-1.465699e+000,5.998538e+002,1.002972e+002,-1.468828e+000,6.004459e+002,-1.018635e+002,1.884632e+002,5.939820e+002,1.012918e+002,1.890704e+002,5.944892e+002
2.700000e+000,-1.074757e+001,-6.626599e+001,5.371121e+002,-1.009536e+002,-3.896380e+000,6.028343e+002,1.010409e+002,-3.926015e+000,6.020172e+002,-1.011175e+002,1.861172e+002,6.013135e+002,1.020365e+002,1.866996e+002,6.004174e+002
2.750000e+000,-1.043380e+001,-6.728218e+001,5.373318e+002,-1.002265e+002,-6.396303e+000,6.051316e+002,1.017578e+002,-6.387688e+000,6.029469e+002,-1.003889e+002,1.836012e+002,6.080320e+002,1.027545e+002,1.842237e+002,6.057746e+002
2.800000e+000,-1.013898e+001,-6.818486e+001,5.371752e+002,-9.956038e+001,-8.602846e+000,6.068015e+002,1.024067e+002,-8.507070e+000,6.033732e+002,-9.972133e+001,1.812966e+002,6.135608e+002,1.034042e+002,1.820078e+002,6.100651e+002
2.850000e+000,-9.880401e+000,-6.886984e+001,5.369163e+002,-9.899558e+001,-1.021751e+001,6.079371e+002,1.029509e+002,-1.001981e+001,6.034617e+002,-9.915534e+001,1.795619e+002,6.174891e+002,1.039491e+002,1.803763e+002,6.129494e+002
2.900000e+000,-9.673001e+000,-6.927699e+001,5.367729e+002,-9.856634e+001,-1.105581e+001,6.086483e+002,1.033609e+002,-1.077947e+001,6.033811e+002,-9.872520e+001,1.786464e+002,6.196287e+002,1.043597e+002,1.795400e+002,6.142974e+002
2.950000e+000,-9.528531e+000,-6.938807e+001,5.368870e+002,-9.829843e+001,-1.107150e+001,6.090422e+002,1.036153e+002,-1.076707e+001,6.032814e+002,-9.845673e+001,1.786304e+002,6.200266e+002,1.046144e+002,1.795524e+002,6.141987e+002
3.000000e+000,-9.454919e+000,-6.922201e+001,5.373244e+002,-9.820747e+001,-1.035223e+001,6.092172e+002,1.037014e+002,-1.007763e+001,6.032871e+002,-9.836558e+001,1.794184e+002,6.189438e+002,1.047006e+002,1.803101e+002,6.129416e+002
3.050000e+000,-9.437980e+000,-6.883003e+001,5.380756e+002,-9.827571e+001,-9.089492e+000,6.092479e+002,1.036380e+002,-8.889700e+000,6.034823e+002,-9.843401e+001,1.807806e+002,6.167863e+002,1.046371e+002,1.815966e+002,6.109424e+002
3.100000e+000,-9.372529e+000,-6.828836e+001,5.390077e+002,-9.838926e+001,-7.531203e+000,6.091258e+002,1.035380e+002,-7.425276e+000,6.038506e+002,-9.854812e+001,1.824268e+002,6.139665e+002,1.045367e+002,1.831477e+002,6.086071e+002
3.150000e+000,-9.134012e+000,-6.768318e+001,5.399607e+002,-9.841364e+001,-5.929666e+000,6.088373e+002,1.035327e+002,-5.908574e+000,6.043523e+002,-9.857339e+001,1.840789e+002,6.108969e+002,1.045310e+002,1.847136e+002,6.063233e+002
3.200000e+000,-8.606364e+000,-6.709767e+001,5.408035e+002,-9.821799e+001,-4.493745e+000,6.083921e+002,1.037489e+002,-4.528148e+000,6.049530e+002,-9.837892e+001,1.855254e+002,6.079415e+002,1.047464e+002,1.861034e+002,6.044117e+002
3.250000e+000,-7.683233e+000,-6.659615e+001,5.414545e+002,-9.767634e+001,-3.356302e+000,6.078190e+002,1.043079e+002,-3.409484e+000,6.056231e+002,-9.783867e+001,1.866475e+002,6.053586e+002,1.053045e+002,1.872058e+002,6.030727e+002
3.300000e+000,-6.267807e+000,-6.621319e+001,5.418861e+002,-9.666933e+001,-2.563520e+000,6.071585e+002,1.053251e+002,-2.603492e+000,6.063338e+002,-9.683320e+001,1.874165e+002,6.032742e+002,1.063208e+002,1.879875e+002,6.023627e+002
3.350000e+000,-4.273138e+000,-6.595174e+001,5.421172e+002,-9.508619e+001,-2.086165e+000,6.064554e+002,1.069091e+002,-2.092579e+000,6.070538e+002,-9.525164e+001,1.878738e+002,6.016905e+002,1.079036e+002,1.884782e+002,6.022075e+002
3.400000e+000,-1.622549e+000,-6.579092e+001,5.421972e+002,-9.282673e+001,-1.847241e+000,6.057545e+002,1.091596e+002,-1.812113e+000,6.077495e+002,-9.299373e+001,1.881005e+002,6.005260e+002,1.101530e+002,1.887464e+002,6.024461e+002
3.450000e+000,1.749845e+000,-6.569946e+001,5.421852e+002,-8.980327e+001,-1.757082e+000,6.050985e+002,1.121661e+002,-1.681428e+000,6.083864e+002,-8.997170e+001,1.881851e+002,5.996718e+002,1.131585e+002,1.888717e+002,6.028916e+002
3.500000e+000,5.898673e+000,-6.564987e+001,5.421294e+002,-8.594222e+001,-1.746165e+000,6.045265e+002,1.160059e+002,-1.636083e+000,6.089324e+002,-8.611188e+001,1.881945e+002,5.990481e+002,1.169972e+002,1.889158e+002,6.033922e+002
3.550000e+000,1.086690e+001,-6.562974e+001,5.420522e+002,-8.118535e+001,-1.787593e+000,6.040726e+002,1.207416e+002,-1.652479e+000,6.093598e+002,-8.135598e+001,1.881545e+002,5.986442e+002,1.217321e+002,1.889010e+002,6.038748e+002
3.600000e+000,1.668556e+001,-6.564695e+001,5.419441e+002,-7.549060e+001,-1.904408e+000,6.037629e+002,1.264198e+002,-1.757674e+000,6.096461e+002,-7.566188e+001,1.880432e+002,5.985310e+002,1.274099e+002,1.888014e+002,6.043618e+002
3.650000e+000,2.337361e+001,-6.572726e+001,5.417674e+002,-6.883254e+001,-2.160796e+000,6.036142e+002,1.330696e+002,-2.021092e+000,6.097754e+002,-6.900412e+001,1.877990e+002,5.988446e+002,1.340594e+002,1.885504e+002,6.049564e+002
3.700000e+000,3.093799e+001,-6.590524e+001,5.414701e+002,-6.120248e+001,-2.639815e+000,6.036320e+002,1.407013e+002,-2.529844e+000,6.097380e+002,-6.137400e+001,1.873400e+002,5.997419e+002,1.416912e+002,1.880619e+002,6.058010e+002
3.750000e+000,3.937381e+001,-6.621062e+001,5.410049e+002,-5.260823e+001,-3.413011e+000,6.038093e+002,1.493069e+002,-3.354237e+000,6.095294e+002,-5.277933e+001,1.865907e+002,6.013424e+002,1.502971e+002,1.872616e+002,6.070180e+002
3.800000e+000,4.866474e+001,-6.665422e+001,5.403497e+002,-4.307359e+001,-4.508974e+000,6.041264e+002,1.588601e+002,-4.513159e+000,6.091510e+002,-4.324393e+001,1.855102e+002,6.036689e+002,1.598509e+002,1.861185e+002,6.086515e+002
3.850000e+000,5.878356e+001,-6.721749e+001,5.395239e+002,-3.263756e+001,-5.888397e+000,6.045545e+002,1.693178e+002,-5.949619e+000,6.086119e+002,-3.280684e+001,1.841202e+002,6.066071e+002,1.703095e+002,1.846721e+002,6.106250e+002
3.900000e+000,6.969293e+001,-6.784984e+001,5.385975e+002,-2.135319e+001,-7.432553e+000,6.050620e+002,1.806225e+002,-7.524408e+000,6.079343e+002,-2.152116e+001,1.825256e+002,6.098961e+002,1.816152e+002,1.830476e+002,6.127310e+002
3.950000e+000,8.134641e+001,-6.847484e+001,5.376887e+002,-9.286068e+000,-8.949994e+000,6.056239e+002,1.927042e+002,-9.031229e+000,6.071591e+002,-9.452566e+000,1.809203e+002,6.131563e+002,1.936980e+002,1.814537e+002,6.146552e+002
4.000000e+000,9.368958e+001,-6.900345e+001,5.369485e+002,3.487535e+000,-1.020254e+001,6.062259e+002,2.054837e+002,-1.023076e+001,6.063472e+002,3.322609e+000,1.795683e+002,6.159476e+002,2.064786e+002,1.801554e+002,6.160316e+002
4.050000e+000,1.066614e+002,-6.934963e+001,5.365335e+002,1.688301e+001,-1.094693e+001,6.068626e+002,2.188750e+002,-1.089589e+001,6.055714e+002,1.671967e+001,1.787552e+002,6.178439e+002,2.198710e+002,1.794223e+002,6.165113e+002
4.100000e+000,1.201956e+002,-6.944464e+001,5.365688e+002,3.081004e+001,-1.098436e+001,6.075255e+002,2.327891e+002,-1.085767e+001,6.049000e+002,3.064819e+001,1.787177e+002,6.185076e+002,2.337861e+002,1.794609e+002,6.158331e+002
4.150000e+000,1.342222e+002,-6.924209e+001,5.371180e+002,4.517545e+001,-1.020760e+001,6.081885e+002,2.471356e+002,-1.004240e+001,6.043792e+002,4.501493e+001,1.795713e+002,6.177507e+002,2.481334e+002,1.803530e+002,6.138810e+002
4.200000e+000,1.486689e+002,-6.872902e+001,5.381580e+002,5.988620e+001,-8.635668e+000,6.088007e+002,2.618258e+002,-8.493052e+000,6.040232e+002,5.972678e+001,1.812631e+002,6.155785e+002,2.628242e+002,1.820214e+002,6.107260e+002
4.250000e+000,1.634625e+002,-6.793471e+001,5.395753e+002,7.485220e+001,-6.426942e+000,6.092936e+002,2.767741e+002,-6.371633e+000,6.038185e+002,7.469358e+001,1.835704e+002,6.122103e+002,2.777730e+002,1.842398e+002,6.066436e+002
4.300000e+000,1.785298e+002,-6.693819e+001,5.411822e+002,8.998884e+001,-3.864816e+000,6.096024e+002,2.918999e+002,-3.941281e+000,6.037410e+002,8.983065e+001,1.861487e+002,6.080706e+002,2.928991e+002,1.866840e+002,6.021011e+002
4.350000e+000,1.937992e+002,-6.586761e+001,5.427513e+002,1.052190e+002,-1.315141e+000,6.096898e+002,3.071284e+002,-1.529654e+000,6.037759e+002,1.050608e+002,1.886114e+002,6.037415e+002,3.081276e+002,1.890060e+002,5.977050e+002
4.400000e+000,2.092009e+002,-6.488489e+001,5.440570e+002,1.204742e+002,8.375565e-001,6.095594e+002,3.223916e+002,5.211517e-001,6.039282e+002,1.203157e+002,1.906102e+002,5.998729e+002,3.233906e+002,1.909004e+002,5.941088e+002
4.450000e+000,2.246684e+002,-6.415496e+001,5.449135e+002,1.356955e+002,2.260941e+000,6.092486e+002,3.376287e+002,1.909371e+000,6.042170e+002,1.355364e+002,1.918896e+002,5.970639e+002,3.386273e+002,1.921430e+002,5.918948e+002
4.500000e+000,2.401378e+002,-6.380747e+001,5.452009e+002,1.508333e+002,2.736203e+000,6.088061e+002,3.527866e+002,2.423023e+000,6.046557e+002,1.506732e+002,1.923064e+002,5.957434e+002,3.537846e+002,1.925979e+002,5.914578e+002
4.550000e+000,2.555491e+002,-6.390251e+001,5.448784e+002,1.658461e+002,2.196739e+000,6.082679e+002,3.678193e+002,1.975834e+000,6.052322e+002,1.656847e+002,1.918253e+002,5.960816e+002,3.688166e+002,1.922101e+002,5.929199e+002
4.600000e+000,2.708455e+002,-6.441589e+001,5.439861e+002,1.806994e+002,7.376328e-001,6.076471e+002,3.826880e+002,6.242180e-001,6.059007e+002,1.805366e+002,1.905101e+002,5.979575e+002,3.836843e+002,1.910045e+002,5.961004e+002
4.650000e+000,2.859732e+002,-6.524839e+001,5.426411e+002,1.953639e+002,-1.404469e+000,6.069437e+002,3.973597e+002,-1.438055e+000,6.065918e+002,1.951995e+002,1.885220e+002,6.009910e+002,3.983550e+002,1.890985e+002,6.005484e+002
4.700000e+000,3.008810e+002,-6.625195e+001,5.410245e+002,2.098133e+002,-3.896670e+000,6.061665e+002,4.118066e+002,-3.908869e+000,6.072372e+002,2.096473e+002,1.861168e+002,6.046291e+002,4.128008e+002,1.867167e+002,6.056315e+002
4.750000e+000,3.155199e+002,-6.726698e+001,5.393585e+002,2.240224e+002,-6.371192e+000,6.053518e+002,4.260038e+002,-6.427841e+000,6.077928e+002,2.238549e+002,1.836262e+002,6.082620e+002,4.269969e+002,1.841830e+002,6.106569e+002
4.800000e+000,3.298423e+002,-6.815760e+001,5.378719e+002,2.379653e+002,-8.489672e+000,6.045672e+002,4.399279e+002,-8.638762e+000,6.082485e+002,2.377965e+002,1.814093e+002,6.113381e+002,4.409199e+002,1.818742e+002,6.149930e+002
4.850000e+000,3.438016e+002,-6.882926e+001,5.367602e+002,2.516140e+002,-9.996462e+000,6.038956e+002,4.535547e+002,-1.025092e+001,6.086189e+002,2.514439e+002,1.797828e+002,6.134508e+002,4.545458e+002,1.801424e+002,6.181627e+002
4.900000e+000,3.573518e+002,-6.922868e+001,5.361510e+002,2.649368e+002,-1.075108e+001,6.034108e+002,4.668575e+002,-1.108568e+001,6.089219e+002,2.647659e+002,1.789514e+002,6.143862e+002,4.678479e+002,1.792306e+002,6.198951e+002
4.950000e+000,3.704476e+002,-6.933919e+001,5.360836e+002,2.778985e+002,-1.073681e+001,6.031563e+002,4.798051e+002,-1.109931e+001,6.091596e+002,2.777270e+002,1.789656e+002,6.141316e+002,4.807950e+002,1.792168e+002,6.201354e+002
5.000000e+000,3.830436e+002,-6.917890e+001,5.365083e+002,2.904590e+002,-1.004805e+001,6.031387e+002,4.923606e+002,-1.037909e+001,6.093114e+002,2.902874e+002,1.797230e+002,6.128554e+002,4.933504e+002,1.800056e+002,6.190255e+002
5.050000e+000,3.950953e+002,-6.879751e+001,5.373047e+002,3.025744e+002,-8.861864e+000,6.033343e+002,5.044810e+002,-9.115297e+000,6.093431e+002,3.024030e+002,1.810086e+002,6.108630e+002,5.054709e+002,1.813688e+002,6.168612e+002
5.100000e+000,4.065587e+002,-6.826795e+001,5.383127e+002,3.141963e+002,-7.399598e+000,6.037045e+002,5.161170e+002,-7.555706e+000,6.092236e+002,3.140254e+002,1.825586e+002,6.085363e+002,5.171074e+002,1.830160e+002,6.140333e+002
5.150000e+000,4.173910e+002,-6.767403e+001,5.393691e+002,3.252732e+002,-5.885072e+000,6.042093e+002,5.272140e+002,-5.952771e+000,6.089390e+002,3.251032e+002,1.841235e+002,6.062614e+002,5.282051e+002,1.846689e+002,6.109554e+002
5.200000e+000,4.275512e+002,-6.709644e+001,5.403392e+002,3.357510e+002,-4.506518e+000,6.048144e+002,5.377136e+002,-4.515488e+000,6.084987e+002,3.355822e+002,1.855126e+002,6.043580e+002,5.387056e+002,1.861162e+002,6.079926e+002
5.250000e+000,4.370008e+002,-6.659872e+001,5.411359e+002,3.455743e+002,-3.389243e+000,6.054898e+002,5.475557e+002,-3.376837e+000,6.079314e+002,3.454068e+002,1.866145e+002,6.030257e+002,5.485488e+002,1.872388e+002,6.054039e+002
5.300000e+000,4.457050e+002,-6.621613e+001,5.417254e+002,3.546881e+002,-2.584116e+000,6.062065e+002,5.566814e+002,-2.583080e+000,6.072773e+002,3.545221e+002,1.873958e+002,6.023206e+002,5.576756e+002,1.880081e+002,6.033155e+002
5.350000e+000,4.536337e+002,-6.595245e+001,5.421189e+002,3.630399e+002,-2.073625e+000,6.069329e+002,5.650357e+002,-2.105007e+000,6.065807e+002,3.628755e+002,1.878863e+002,6.021687e+002,5.660310e+002,1.884656e+002,6.017297e+002
5.400000e+000,4.607630e+002,-6.578734e+001,5.423574e+002,3.705819e+002,-1.793274e+000,6.076347e+002,5.725704e+002,-1.865599e+000,6.058861e+002,3.704190e+002,1.881545e+002,6.024092e+002,5.735668e+002,1.886924e+002,6.005642e+002
5.450000e+000,4.670765e+002,-6.569051e+001,5.424916e+002,3.772739e+002,-1.662535e+000,6.082774e+002,5.792472e+002,-1.775131e+000,6.052358e+002,3.771126e+002,1.882798e+002,6.028559e+002,5.802444e+002,1.887771e+002,5.997099e+002
5.500000e+000,4.725670e+002,-6.563613e+001,5.425625e+002,3.830864e+002,-1.617069e+000,6.088285e+002,5.850397e+002,-1.764028e+000,6.046689e+002,3.829263e+002,1.883238e+002,6.033571e+002,5.860377e+002,1.887865e+002,5.990865e+002
5.550000e+000,4.772377e+002,-6.561291e+001,5.425860e+002,3.880030e+002,-1.633318e+000,6.092598e+002,5.899362e+002,-1.805377e+000,6.042189e+002,3.878439e+002,1.883091e+002,6.038398e+002,5.909348e+002,1.887465e+002,5.986830e+002
5.600000e+000,4.811035e+002,-6.562888e+001,5.425471e+002,3.920238e+002,-1.738334e+000,6.095488e+002,5.939412e+002,-1.922267e+000,6.039118e+002,3.918654e+002,1.882096e+002,6.043264e+002,5.949402e+002,1.886352e+002,5.985707e+002
5.650000e+000,4.841927e+002,-6.570986e+001,5.424048e+002,3.951672e+002,-2.001482e+000,6.096794e+002,5.970767e+002,-2.178985e+000,6.037643e+002,3.950091e+002,1.879586e+002,6.049197e+002,5.980758e+002,1.883909e+002,5.988858e+002
5.700000e+000,4.865472e+002,-6.589095e+001,5.421056e+002,3.974721e+002,-2.509795e+000,6.096418e+002,5.993831e+002,-2.658703e+000,6.037818e+002,3.973139e+002,1.874703e+002,6.057615e+002,6.003823e+002,1.879317e+002,5.997858e+002
5.750000e+000,4.882239e+002,-6.620215e+001,5.416025e+002,3.989986e+002,-3.333493e+000,6.094317e+002,6.009205e+002,-3.433045e+000,6.039572e+002,3.988400e+002,1.866703e+002,6.069739e+002,6.019194e+002,1.871820e+002,6.013906e+002
5.800000e+000,4.892950e+002,-6.665304e+001,5.408754e+002,3.998289e+002,-4.491394e+000,6.090504e+002,6.017685e+002,-4.530583e+000,6.042710e+002,3.996695e+002,1.855278e+002,6.086009e+002,6.027670e+002,1.861010e+002,6.037231e+002
5.850000e+000,4.898484e+002,-6.722236e+001,5.399478e+002,4.000663e+002,-5.926485e+000,6.085072e+002,6.020265e+002,-5.911871e+000,6.046944e+002,3.999058e+002,1.840820e+002,6.105663e+002,6.030243e+002,1.847102e+002,6.066687e+002
5.900000e+000,4.899875e+002,-6.785678e+001,5.388956e+002,3.998345e+002,-7.499615e+000,6.078246e+002,6.018135e+002,-7.457945e+000,6.051964e+002,3.996726e+002,1.824585e+002,6.126632e+002,6.028105e+002,1.831147e+002,6.099660e+002
5.950000e+000,4.898315e+002,-6.847873e+001,5.378441e+002,3.992758e+002,-9.004650e+000,6.070438e+002,6.012678e+002,-8.977060e+000,6.057518e+002,3.991124e+002,1.808656e+002,6.145786e+002,6.022638e+002,1.815084e+002,6.132340e+002
6.000000e+000,4.895149e+002,-6.900035e+001,5.369521e+002,3.985493e+002,-1.020254e+001,6.062259e+002,6.005454e+002,-1.023076e+001,6.063472e+002,3.983843e+002,1.795683e+002,6.159476e+002,6.015403e+002,1.801554e+002,6.160316e+002
6.050000e+000,4.891664e+002,-6.933829e+001,5.363651e+002,3.978052e+002,-1.086623e+001,6.054214e+002,5.997955e+002,-1.097533e+001,6.069548e+002,3.976387e+002,1.788360e+002,6.163999e+002,6.007893e+002,1.793421e+002,6.179082e+002
6.100000e+000,4.888369e+002,-6.942521e+001,5.361190e+002,3.971073e+002,-1.082589e+001,6.045912e+002,5.990830e+002,-1.101051e+001,6.074580e+002,3.969393e+002,1.788767e+002,6.155651e+002,6.000757e+002,1.793067e+002,6.184143e+002
6.150000e+000,4.885329e+002,-6.921821e+001,5.361545e+002,3.964940e+002,-1.000760e+001,6.036641e+002,5.984495e+002,-1.022858e+001,6.077115e+002,3.963247e+002,1.797722e+002,6.132092e+002,5.994412e+002,1.801654e+002,6.172412e+002
6.200000e+000,4.882761e+002,-6.870667e+001,5.363547e+002,3.959988e+002,-8.456615e+000,6.025498e+002,5.979328e+002,-8.650986e+000,6.075576e+002,3.958285e+002,1.814431e+002,6.093021e+002,5.989237e+002,1.818624e+002,6.142910e+002
6.250000e+000,4.880826e+002,-6.792119e+001,5.365162e+002,3.956486e+002,-6.340171e+000,6.011425e+002,5.975645e+002,-6.442377e+000,6.068336e+002,3.954775e+002,1.836575e+002,6.040363e+002,5.985548e+002,1.841684e+002,6.097000e+002
6.300000e+000,4.879544e+002,-6.694162e+001,5.363614e+002,3.954618e+002,-3.928519e+000,5.993376e+002,5.973672e+002,-3.894984e+000,6.053933e+002,3.952903e+002,1.860850e+002,5.978112e+002,5.983571e+002,1.867309e+002,6.038273e+002
6.350000e+000,4.879002e+002,-6.589689e+001,5.355930e+002,3.954478e+002,-1.555660e+000,5.970512e+002,5.973524e+002,-1.382619e+000,6.031317e+002,3.952764e+002,1.883731e+002,5.911748e+002,5.983423e+002,1.891575e+002,5.972019e+002
6.400000e+000,4.879249e+002,-6.494866e+001,5.339272e+002,3.956063e+002,4.343244e-001,5.942287e+002,5.975199e+002,7.077651e-001,5.999966e+002,3.954351e+002,1.902161e+002,5.847233e+002,5.985100e+002,1.910996e+002,5.904243e+002
6.450000e+000,4.880226e+002,-6.425847e+001,5.311276e+002,3.959267e+002,1.745383e+000,5.908382e+002,5.978572e+002,2.050884e+000,5.959805e+002,3.957563e+002,1.913944e+002,5.789751e+002,5.988479e+002,1.923089e+002,5.840394e+002
6.500000e+000,4.881864e+002,-6.394771e+001,5.270422e+002,3.963895e+002,2.180767e+000,5.868494e+002,5.983409e+002,2.445763e+000,5.910964e+002,3.962200e+002,1.917823e+002,5.742510e+002,5.993324e+002,1.926557e+002,5.784124e+002
6.550000e+000,4.884071e+002,-6.406540e+001,5.216121e+002,3.969664e+002,1.678126e+000,5.822152e+002,5.989381e+002,1.851971e+000,5.853538e+002,3.967981e+002,1.913421e+002,5.705931e+002,5.999306e+002,1.921243e+002,5.736429e+002
6.600000e+000,4.886689e+002,-6.457649e+001,5.148672e+002,3.976221e+002,3.223553e-001,5.768651e+002,5.996095e+002,3.930130e-001,5.787506e+002,3.974552e+002,1.901231e+002,5.677464e+002,6.006030e+002,1.908029e+002,5.695439e+002
6.650000e+000,4.889545e+002,-6.537472e+001,5.069218e+002,3.983165e+002,-1.667087e+000,5.707194e+002,6.003119e+002,-1.672175e+000,5.712838e+002,3.981511e+002,1.882726e+002,5.652076e+002,6.013065e+002,1.888780e+002,5.656881e+002
6.700000e+000,4.892468e+002,-6.631360e+001,4.979582e+002,3.990071e+002,-3.974310e+000,5.637124e+002,6.010019e+002,-4.002725e+000,5.629694e+002,3.988431e+002,1.860403e+002,5.623293e+002,6.019975e+002,1.866240e+002,5.615081e+002
6.750000e+000,4.895273e+002,-6.724245e+001,4.881951e+002,3.996518e+002,-6.244978e+000,5.558132e+002,6.016385e+002,-6.242298e+000,5.538567e+002,3.994892e+002,1.837564e+002,5.584489e+002,6.026350e+002,1.843728e+002,5.564202e+002
6.800000e+000,4.897788e+002,-6.803537e+001,4.778506e+002,4.002121e+002,-8.152107e+000,5.470295e+002,6.021859e+002,-8.083266e+000,5.440251e+002,4.000506e+002,1.817735e+002,5.530081e+002,6.031831e+002,1.824574e+002,5.499363e+002
6.850000e+000,4.899874e+002,-6.860676e+001,4.671041e+002,4.006557e+002,-9.454158e+000,5.373956e+002,6.026155e+002,-9.314685e+000,5.335661e+002,4.004952e+002,1.803868e+002,5.456357e+002,6.036133e+002,1.811423e+002,5.417414e+002
6.900000e+000,4.901420e+002,-6.891484e+001,4.560664e+002,4.009593e+002,-1.003212e+001,5.269523e+002,6.029076e+002,-9.845950e+000,5.225602e+002,4.007994e+002,1.797632e+002,5.361834e+002,6.039058e+002,1.805659e+002,5.317265e+002
6.950000e+000,4.902354e+002,-6.895844e+001,4.447690e+002,4.011095e+002,-9.898834e+000,5.157327e+002,6.030516e+002,-9.705471e+000,5.110621e+002,4.009500e+002,1.799082e+002,5.247199e+002,6.040500e+002,1.807180e+002,5.199820e+002
7.000000e+000,4.902650e+002,-6.877119e+001,4.331739e+002,4.011044e+002,-9.181067e+000,5.037616e+002,6.030467e+002,-9.018922e+000,4.990993e+002,4.009449e+002,1.806812e+002,5.114952e+002,6.040451e+002,1.814593e+002,5.067616e+002
7.050000e+000,4.902325e+002,-6.841372e+001,4.211969e+002,4.009527e+002,-8.080778e+000,4.910644e+002,6.029013e+002,-7.973916e+000,4.866818e+002,4.007929e+002,1.818498e+002,4.968835e+002,6.038995e+002,1.825719e+002,4.924251e+002
7.100000e+000,4.901435e+002,-6.796262e+001,4.087410e+002,4.006730e+002,-6.825801e+000,4.776801e+002,6.026322e+002,-6.778675e+000,4.738163e+002,4.005125e+002,1.831591e+002,4.813135e+002,6.036300e+002,1.838205e+002,4.773697e+002
7.150000e+000,4.900071e+002,-6.749597e+001,3.957289e+002,4.002914e+002,-5.622018e+000,4.636683e+002,6.022630e+002,-5.622541e+000,4.605149e+002,4.001302e+002,1.843915e+002,4.651975e+002,6.032603e+002,1.850043e+002,4.619615e+002
7.200000e+000,4.898350e+002,-6.707848e+001,3.821249e+002,3.998397e+002,-4.617950e+000,4.491079e+002,6.018226e+002,-4.645700e+000,4.467994e+002,3.996774e+002,1.854016e+002,4.488718e+002,6.028194e+002,1.859864e+002,4.464798e+002
7.250000e+000,4.896405e+002,-6.675079e+001,3.679434e+002,3.993518e+002,-3.888474e+000,4.340919e+002,6.013431e+002,-3.923465e+000,4.326995e+002,3.991885e+002,1.861251e+002,4.325622e+002,6.023392e+002,1.867021e+002,4.310875e+002
7.300000e+000,4.894374e+002,-6.652619e+001,3.532452e+002,3.988616e+002,-3.438486e+000,4.187188e+002,6.008573e+002,-3.466927e+000,4.182506e+002,3.986974e+002,1.865668e+002,4.163814e+002,6.018526e+002,1.871501e+002,4.158335e+002
7.350000e+000,4.892394e+002,-6.639521e+001,3.381250e+002,3.984005e+002,-3.221955e+000,4.030879e+002,6.003963e+002,-3.237775e+000,4.034927e+002,3.982353e+002,1.867780e+002,4.003530e+002,6.013910e+002,1.873738e+002,4.006819e+002
7.400000e+000,4.890584e+002,-6.633512e+001,3.226956e+002,3.979949e+002,-3.168585e+000,3.872952e+002,5.999877e+002,-3.171739e+000,3.884710e+002,3.978288e+002,1.868298e+002,3.844533e+002,6.009818e+002,1.874383e+002,3.855572e+002
7.450000e+000,4.889041e+002,-6.632062e+001,3.070707e+002,3.976651e+002,-3.209793e+000,3.714319e+002,5.996532e+002,-3.203413e+000,3.732366e+002,3.974983e+002,1.867896e+002,3.686543e+002,6.006468e+002,1.874077e+002,3.703909e+002
7.500000e+000,4.887837e+002,-6.633219e+001,2.913529e+002,3.974243e+002,-3.297400e+000,3.555824e+002,5.994078e+002,-3.285548e+000,3.578475e+002,3.972570e+002,1.867041e+002,3.529554e+002,6.004010e+002,1.873278e+002,3.551555e+002
7.550000e+000,4.887014e+002,-6.636047e+001,2.756265e+002,3.972783e+002,-3.411519e+000,3.398233e+002,5.992585e+002,-3.398176e+000,3.423680e+002,3.971107e+002,1.865927e+002,3.373979e+002,6.002514e+002,1.872179e+002,3.398799e+002
7.600000e+000,4.886580e+002,-6.640614e+001,2.599588e+002,3.972260e+002,-3.557497e+000,3.242233e+002,5.992048e+002,-3.546401e+000,3.268684e+002,3.970582e+002,1.864499e+002,3.220597e+002,6.001977e+002,1.870730e+002,3.246435e+002
7.650000e+000,4.886518e+002,-6.647611e+001,2.444063e+002,3.972596e+002,-3.754699e+000,3.088434e+002,5.992393e+002,-3.749250e+000,3.114240e+002,3.970919e+002,1.862564e+002,3.070360e+002,6.002322e+002,1.868739e+002,3.095562e+002
7.700000e+000,4.886785e+002,-6.657769e+001,2.290238e+002,3.973664e+002,-4.021693e+000,2.937378e+002,5.993486e+002,-4.024469e+000,2.961137e+002,3.971990e+002,1.859934e+002,2.924135e+002,6.003417e+002,1.866029e+002,2.947293e+002
7.750000e+000,4.887321e+002,-6.671294e+001,2.138729e+002,3.975298e+002,-4.362889e+000,2.789559e+002,5.995154e+002,-4.374900e+000,2.810191e+002,3.973627e+002,1.856555e+002,2.782478e+002,6.005088e+002,1.862559e+002,2.802511e+002
7.800000e+000,4.888052e+002,-6.687520e+001,1.990263e+002,3.977310e+002,-4.760773e+000,2.645437e+002,5.997201e+002,-4.780995e+000,2.662226e+002,3.975643e+002,1.852589e+002,2.645521e+002,6.007138e+002,1.858513e+002,2.661711e+002
7.850000e+000,4.888898e+002,-6.704898e+001,1.845688e+002,3.979505e+002,-5.176005e+000,2.505461e+002,5.999427e+002,-5.201639e+000,2.518062e+002,3.977843e+002,1.848422e+002,2.512993e+002,6.009368e+002,1.854294e+002,2.524997e+002
7.900000e+000,4.889783e+002,-6.721302e+001,1.705920e+002,3.981701e+002,-5.555141e+000,2.370073e+002,6.001645e+002,-5.582612e+000,2.378494e+002,3.980044e+002,1.844592e+002,2.384381e+002,6.011589e+002,1.850448e+002,2.392202e+002
7.950000e+000,4.890636e+002,-6.734519e+001,1.571860e+002,3.983738e+002,-5.843489e+000,2.239720e+002,6.003695e+002,-5.869731e+000,2.244270e+002,3.982085e+002,1.841662e+002,2.259159e+002,6.013641e+002,1.847533e+002,2.263103e+002
8.000000e+000,4.891402e+002,-6.742773e+001,1.444297e+002,3.985493e+002,-5.999090e+000,2.114842e+002,6.005454e+002,-6.022499e+000,2.116066e+002,3.983843e+002,1.840076e+002,2.137032e+002,6.015403e+002,1.845976e+002,2.137639e+002
8.050000e+000,4.892039e+002,-6.745132e+001,1.323838e+002,3.986881e+002,-6.003622e+000,1.995865e+002,6.006842e+002,-6.024269e+000,1.994459e+002,3.985234e+002,1.840030e+002,2.018112e+002,6.016793e+002,1.845958e+002,2.016076e+002
8.100000e+000,4.892522e+002,-6.741712e+001,1.210865e+002,3.987863e+002,-5.867085e+000,1.883185e+002,6.007822e+002,-5.886197e+000,1.879922e+002,3.986219e+002,1.841423e+002,1.902987e+002,6.017775e+002,1.847365e+002,1.899075e+002
8.150000e+000,4.892846e+002,-6.733638e+001,1.105547e+002,3.988440e+002,-5.625085e+000,1.777170e+002,6.008397e+002,-5.644177e+000,1.772816e+002,3.986797e+002,1.843883e+002,1.792660e+002,6.018351e+002,1.849824e+002,1.787636e+002
8.200000e+000,4.893017e+002,-6.722771e+001,1.007893e+002,3.988650e+002,-5.329765e+000,1.678155e+002,6.008606e+002,-5.349894e+000,1.673405e+002,3.987008e+002,1.846872e+002,1.688393e+002,6.018560e+002,1.852801e+002,1.682954e+002
8.250000e+000,4.893057e+002,-6.711283e+001,9.178241e+001,3.988555e+002,-5.037185e+000,1.586442e+002,6.008512e+002,-5.058640e+000,1.581872e+002,3.986913e+002,1.849818e+002,1.591479e+002,6.018465e+002,1.855732e+002,1.586204e+002
8.300000e+000,4.892992e+002,-6.701157e+001,8.352505e+001,3.988235e+002,-4.794788e+000,1.502293e+002,6.008193e+002,-4.817231e+000,1.498328e+002,3.986592e+002,1.852249e+002,1.503019e+002,6.018146e+002,1.858151e+002,1.498339e+002
8.350000e+000,4.892856e+002,-6.693784e+001,7.601253e+001,3.987775e+002,-4.632259e+000,1.425915e+002,6.007734e+002,-4.655103e+000,1.422820e+002,3.986131e+002,1.853873e+002,1.423748e+002,6.017687e+002,1.859770e+002,1.419934e+002
8.400000e+000,4.892680e+002,-6.689739e+001,6.924623e+001,3.987256e+002,-4.557830e+000,1.357448e+002,6.007216e+002,-4.580593e+000,1.355337e+002,3.985610e+002,1.854615e+002,1.353955e+002,6.017168e+002,1.860513e+002,1.351125e+002
8.450000e+000,4.892494e+002,-6.688798e+001,6.323195e+001,3.986745e+002,-4.560330e+000,1.296950e+002,6.006707e+002,-4.582798e+000,1.295804e+002,3.985099e+002,1.854590e+002,1.293498e+002,6.016658e+002,1.860491e+002,1.291639e+002
8.500000e+000,4.892319e+002,-6.690157e+001,5.797549e+001,3.986296e+002,-4.615638e+000,1.244381e+002,6.006257e+002,-4.637836e+000,1.244087e+002,3.984648e+002,1.854039e+002,1.241911e+002,6.016208e+002,1.859942e+002,1.240912e+002
8.550000e+000,4.892173e+002,-6.692754e+001,5.347688e+001,3.985937e+002,-4.695167e+000,1.199596e+002,6.005899e+002,-4.717225e+000,1.199980e+002,3.984289e+002,1.853245e+002,1.198541e+002,6.015849e+002,1.859150e+002,1.198228e+002
8.600000e+000,4.892062e+002,-6.695585e+001,4.972488e+001,3.985683e+002,-4.773742e+000,1.162339e+002,6.005644e+002,-4.795779e+000,1.163205e+002,3.984034e+002,1.852459e+002,1.162682e+002,6.015593e+002,1.858366e+002,1.162860e+002
8.650000e+000,4.891987e+002,-6.697940e+001,4.669303e+001,3.985526e+002,-4.834840e+000,1.132235e+002,6.005487e+002,-4.856914e+000,1.133398e+002,3.983877e+002,1.851848e+002,1.133667e+002,6.015436e+002,1.857754e+002,1.134147e+002
8.700000e+000,4.891944e+002,-6.699486e+001,4.433797e+001,3.985450e+002,-4.872246e+000,1.108794e+002,6.005411e+002,-4.894360e+000,1.110100e+002,3.983800e+002,1.851473e+002,1.110892e+002,6.015360e+002,1.857379e+002,1.111519e+002
8.750000e+000,4.891924e+002,-6.700240e+001,4.260000e+001,3.985430e+002,-4.888375e+000,1.091407e+002,6.005391e+002,-4.910509e+000,1.092750e+002,3.983781e+002,1.851312e+002,1.093793e+002,6.015341e+002,1.857218e+002,1.094457e+002
8.800000e+000,4.891920e+002,-6.700435e+001,4.140494e+001,3.985442e+002,-4.890533e+000,1.079351e+002,6.005403e+002,-4.912670e+000,1.080672e+002,3.983793e+002,1.851290e+002,1.081776e+002,6.015353e+002,1.857196e+002,1.082417e+002
8.850000e+000,4.891921e+002,-6.700365e+001,4.066641e+001,3.985464e+002,-4.886772e+000,1.071792e+002,6.005426e+002,-4.908904e+000,1.073071e+002,3.983815e+002,1.851328e+002,1.074149e+002,6.015375e+002,1.857234e+002,1.074749e+002
8.900000e+000,4.891923e+002,-6.700256e+001,4.028745e+001,3.985483e+002,-4.882831e+000,1.067780e+002,6.005444e+002,-4.904958e+000,1.069025e+002,3.983833e+002,1.851367e+002,1.070068e+002,6.015393e+002,1.857273e+002,1.070632e+002
8.950000e+000,4.891924e+002,-6.700189e+001,4.016101e+001,3.985492e+002,-4.880756e+000,1.066256e+002,6.005454e+002,-4.902880e+000,1.067485e+002,3.983843e+002,1.851388e+002,1.068511e+002,6.015403e+002,1.857294e+002,1.069059e+002
9.000000e+000,4.891920e+002,-6.700223e+001,4.016847e+001,3.985493e+002,-4.880705e+000,1.066031e+002,6.005454e+002,-4.902830e+000,1.067256e+002,3.983843e+002,1.851388e+002,1.068280e+002,6.015403e+002,1.857294e+002,1.068825e+002
9.050000e+000,4.891918e+002,-6.700243e+001,4.019940e+001,3.985493e+002,-4.880705e+000,1.066031e+002,6.005454e+002,-4.902830e+000,1.067256e+002,3.983843e+002,1.851388e+002,1.068280e+002,6.015403e+002,1.857294e+002,1.068825e+002
9.100000e+000,4.891916e+002,-6.700258e+001,4.022080e+001,3.985493e+002,-4.880705e+000,1.066031e+002,6.005454e+002,-4.902830e+000,1.067256e+002,3.983843e+002,1.851388e+002,1.068280e+002,6.015403e+002,1.857294e+002,1.068825e+002
9.150000e+000,4.891914e+002,-6.700273e+001,4.024335e+001,3.985493e+002,-4.880705e+000,1.066031e+002,6.005454e+002,-4.902830e+000,1.067256e+002,3.983843e+002,1.851388e+002,1.068280e+002,6.015403e+002,1.857294e+002,1.068825e+002
9.200000e+000,4.891912e+002,-6.700285e+001,4.026111e+001,3.985493e+002,-4.880705e+000,1.066031e+002,6.005454e+002,-4.902830e+000,1.067256e+002,3.983843e+002,1.851388e+002,1.068280e+002,6.015403e+002,1.857294e+002,1.068825e+002
9.250000e+000,4.891911e+002,-6.700292e+001,4.027172e+001,3.985493e+002,-4.880705e+000,1.066031e+002,6.005454e+002,-4.902830e+000,1.067256e+002,3.983843e+002,1.851388e+002,1.068280e+002,6.015403e+002,1.857294e+002,1.068825e+002
9.300000e+000,4.891910e+002,-6.700300e+001,4.028313e+001,3.985493e+002,-4.880705e+000,1.066031e+002,6.005454e+002,-4.902830e+000,1.067256e+002,3.983843e+002,1.851388e+002,1.068280e+002,6.015403e+002,1.857294e+002,1.068825e+002
9.350000e+000,4.891909e+002,-6.700307e+001,4.029341e+001,3.985493e+002,-4.880705e+000,1.066031e+002,6.005454e+002,-4.902830e+000,1.067256e+002,3.983843e+002,1.851388e+002,1.068280e+002,6.015403e+002,1.857294e+002,1.068825e+002
9.400000e+000,4.891909e+002,-6.700311e+001,4.029967e+001,3.985493e+002,-4.880705e+000,1.066031e+002,6.005454e+002,-4.902830e+000,1.067256e+002,3.983843e+002,1.851388e+002,1.068280e+002,6.015403e+002,1.857294e+002,1.068825e+002
9.450000e+000,4.891908e+002,-6.700315e+001,4.030555e+001,3.985493e+002,-4.880705e+000,1.066031e+002,6.005454e+002,-4.902830e+000,1.067256e+002,3.983843e+002,1.851388e+002,1.068280e+002,6.015403e+002,1.857294e+002,1.068825e+002
9.500000e+000,4.891908e+002,-6.700319e+001,4.031115e+001,3.985493e+002,-4.880705e+000,1.066031e+002,6.005454e+002,-4.902830e+000,1.067256e+002,3.983843e+002,1.851388e+002,1.068280e+002,6.015403e+002,1.857294e+002,1.068825e+002
9.550000e+000,4.891907e+002,-6.700321e+001,4.031474e+001,3.985493e+002,-4.880705e+000,1.066031e+002,6.005454e+002,-4.902830e+000,1.067256e+002,3.983843e+002,1.851388e+002,1.068280e+002,6.015403e+002,1.857294e+002,1.068825e+002
9.600000e+000,4.891907e+002,-6.700323e+001,4.031781e+001,3.985493e+002,-4.880705e+000,1.066031e+002,6.005454e+002,-4.902830e+000,1.067256e+002,3.983843e+002,1.851388e+002,1.068280e+002,6.015403e+002,1.857294e+002,1.068825e+002
9.650000e+000,4.891907e+002,-6.700325e+001,4.032086e+001,3.985493e+002,-4.880705e+000,1.066031e+002,6.005454e+002,-4.902830e+000,1.067256e+002,3.983843e+002,1.851388e+002,1.068280e+002,6.015403e+002,1.857294e+002,1.068825e+002
9.700000e+000,4.891907e+002,-6.700327e+001,4.032293e+001,3.985493e+002,-4.880705e+000,1.066031e+002,6.005454e+002,-4.902830e+000,1.067256e+002,3.983843e+002,1.851388e+002,1.068280e+002,6.015403e+002,1.857294e+002,1.068825e+002
9.750000e+000,4.891907e+002,-6.700328e+001,4.032454e+001,3.985493e+002,-4.880705e+000,1.066031e+002,6.005454e+002,-4.902830e+000,1.067256e+002,3.983843e+002,1.851388e+002,1.068280e+002,6.015403e+002,1.857294e+002,1.068825e+002
9.800000e+000,4.891906e+002,-6.700329e+001,4.032617e+001,3.985493e+002,-4.880705e+000,1.066031e+002,6.005454e+002,-4.902830e+000,1.067256e+002,3.983843e+002,1.851388e+002,1.068280e+002,6.015403e+002,1.857294e+002,1.068825e+002
9.850000e+000,4.891906e+002,-6.700330e+001,4.032736e+001,3.985493e+002,-4.880705e+000,1.066031e+002,6.005454e+002,-4.902830e+000,1.067256e+002,3.983843e+002,1.851388e+002,1.068280e+002,6.015403e+002,1.857294e+002,1.068825e+002
9.900000e+000,4.891906e+002,-6.700330e+001,4.032823e+001,3.985493e+002,-4.880705e+000,1.066031e+002,6.005454e+002,-4.902830e+000,1.067256e+002,3.983843e+002,1.851388e+002,1.068280e+002,6.015403e+002,1.857294e+002,1.068825e+002
9.950000e+000,4.891906e+002,-6.700331e+001,4.032909e+001,3.985493e+002,-4.880705e+000,1.066031e+002,6.005454e+002,-4.902830e+000,1.067256e+002,3.983843e+002,1.851388e+002,1.068280e+002,6.015403e+002,1.857294e+002,1.068825e+002
1.000000e+001,4.891906e+002,-6.700331e+001,4.032976e+001,3.985493e+002,-4.880705e+000,1.066031e+002,6.005454e+002,-4.902830e+000,1.067256e+002,3.983843e+002,1.851388e+002,1.068280e+002,6.015403e+002,1.857294e+002,1.068825e+002
